id,subject,category,gold,extracted,extract,finish_reason,method,has_latex,value,gold_value,recoverable_by,response_chars
validation_Biology_10,Biology,latex_only,1/64,\dfrac{1}{64},boxed,stop,fail,True,0.015625,0.015625,delatex,2772
validation_Electronics_2,Electronics,latex_only,2.83,2\sqrt{2},boxed,stop,fail,True,2.828427124,2.83,delatex+round,1697
validation_Math_15,Math,latex_only,"['24/7', '3.429']",\frac{24}{7},boxed,stop,fail,True,3.4285714285714284,3.4285714285714284,delatex+unwrap_list_gold,1702
validation_Basic_Medical_Science_10,Basic_Medical_Science,format_only,C,c,phrase,stop,rule,False,,,,964
validation_Finance_17,Finance,format_only,1000,"1,000",phrase,stop,fail,False,1000.0,1000.0,delatex+round,2214
validation_Finance_20,Finance,format_only,7243000,"7,243,000",phrase,stop,fail,False,7243000.0,7243000.0,delatex+round,3474
validation_Finance_30,Finance,format_only,1249,"1,249.24",phrase,stop,fail,False,1249.24,1249.0,delatex+round,1698
validation_Manage_20,Manage,format_only,2960,"2,960 unfavorable",phrase,stop,fail,False,2960.0,2960.0,delatex+round,836
validation_Electronics_29,Electronics,rounding_near,30,28.8,boxed,stop,fail,False,28.8,30.0,,34316
validation_Manage_3,Manage,rounding_near,242110.62,"242,159.73",phrase,stop,fail,False,242159.73,242110.62,,6680
validation_Chemistry_13,Chemistry,wrong_value,12.97,13.0 g of calcium hydroxide was dissolved.,phrase,stop,fail,False,,12.97,,1069
validation_Chemistry_20,Chemistry,wrong_value,5,3,boxed,stop,fail,False,3.0,5.0,,10039
validation_Chemistry_30,Chemistry,wrong_value,"['$MgS$', 'MgS']",MgO,boxed,stop,fail,False,,,,6767
validation_Chemistry_4,Chemistry,wrong_value,trans-1-Chloro-4-methylcyclohexane,cis-1-chloro-2-methylcyclohexane,phrase,stop,fail,False,,,,2273
validation_Electronics_16,Electronics,wrong_value,20,\frac{100}{3},boxed,stop,fail,True,33.333333333333336,20.0,,2215
validation_Electronics_21,Electronics,wrong_value,0.9965,0,boxed,stop,fail,False,0.0,0.9965,,13192
validation_Electronics_24,Electronics,wrong_value,551,580\ k\Omega,boxed,stop,fail,True,,551.0,,3775
validation_Electronics_25,Electronics,wrong_value,50,"Given the ambiguity in terminology, and based on standard interpretation in rectifier circuits, the safe PRV (Peak Reverse Voltage) rating for the diode is:",phrase,stop,fail,False,,50.0,,4455
validation_Electronics_26,Electronics,wrong_value,6.333,11,boxed,stop,fail,False,11.0,6.333,,28406
validation_Electronics_27,Electronics,wrong_value,-120,240,phrase,stop,fail,False,240.0,-120.0,,2654
validation_Electronics_30,Electronics,wrong_value,-141,45.84,boxed,stop,fail,False,45.84,-141.0,,11696
validation_Electronics_4,Electronics,wrong_value,8.4,"V_{CEQ} \approx 7.0 \, V",boxed,stop,fail,True,,8.4,,2622
validation_Electronics_5,Electronics,wrong_value,62.6,"50 \, \Omega",boxed,stop,fail,True,50.0,62.6,,7557
validation_Finance_10,Finance,wrong_value,2000000,"1,646,100",boxed,stop,fail,False,1646100.0,2000000.0,,4290
validation_Finance_23,Finance,wrong_value,527.89,527.74 million (rounded to two decimal places),phrase,stop,fail,False,,527.89,,1721
validation_Finance_24,Finance,wrong_value,30.0,20,phrase,stop,fail,False,20.0,30.0,,1659
validation_Finance_8,Finance,wrong_value,360,860,phrase,stop,fail,False,860.0,360.0,,13079
validation_Geography_14,Geography,wrong_value,8200,2240,boxed,stop,fail,False,2240.0,8200.0,,29347
validation_Pharmacy_26,Pharmacy,wrong_value,A,B,phrase,stop,rule,False,,,,999
validation_Physics_21,Physics,wrong_value,A,D,boxed,stop,fail,False,,,,8811
validation_Chemistry_23,Chemistry,no_marker,6.5,0.0246,none,stop,fail,False,0.0246,6.5,,6
validation_Chemistry_25,Chemistry,no_marker,24.32,24.3,none,stop,fail,False,24.3,24.32,,4
validation_Computer_Science_26,Computer_Science,no_marker,251,156,none,stop,fail,False,156.0,251.0,,3
validation_Geography_4,Geography,no_marker,"['Tampa', 'Florida']","The place described in the image is a map of Clearwater, Florida. It highlights key areas and landmarks such as:

- **West Village**
- **Clearwater Beach**
- **St. Pete** (St. Petersburg)
- **Downtown** (with an icon representing buildings)
- **Ybor** (a neighborhood known for its Cuban and Italian influences)
- **McDill AFB** (McDill Air Force Base)
- **Bay** (likely referring to the Gulf of Mexico or Clearwater Bay)
- **Dale Mabry Hwy.** (a major road)

This map illustrates the geographical layout and connections between these locations, with Dale Mabry Highway serving as a central dividing line. The presence of both beachfront areas and military installations suggests a mix of recreational and strategic zones within the region.

Clearwater is a coastal city located in Pinellas County, Florida, known for its beaches, nightlife, and proximity to Tampa. The map provides a simplified overview of its urban and suburban geography.",none,stop,fail,False,,,delatex+unwrap_list_gold,941
validation_Architecture_and_Engineering_14,Architecture_and_Engineering,no_final_answer,1.06,"To compute the **initial deflection at midspan** of the beam using a **finite summation** (i.e., numerical integration via discrete segments), we must:

1. **Model the beam as a series of 3-ft (36-inch) segments**.
2. **Apply the 30 kip point load at B**, which is located 8 ft from A, so at x = 8 ft (96 inches).
3. **Account for the spring at the free end** — but note: the question asks for **initial deflection** due to the 30 kip load, and does not mention any spring displacement or equilibrium condition. So we assume the spring is **not yet activated** — i.e., we are computing the deflection **before** any spring reaction is considered, meaning we are computing the deflection of the beam **due to the 30 kip load alone**, assuming the spring is absent or not affecting the initial deflection calculation.

However, since the spring is present, and it’s a **spring with stiffness k=5 kips/in**, we might be tempted to think that the spring will deflect and affect the overall deflection. But the problem says “**initial deflection at midspan**”, and given the context of “using finite summation”, it likely refers to computing the deflection **at midspan** of the beam **due to the 30 kip load only**, ignoring the spring effect for the purpose of this calculation — because the spring would be part of the equilibrium solution, not the “initial” deflection.

But wait — let's read carefully: “compute the initial deflection at midspan for the beam in Figure P8.42.” The figure shows a spring attached at the end. If we are to compute the *initial* deflection, it may mean before any spring reaction is applied — so we can treat the spring as a fixed support for the purpose of deflection calculation? Or perhaps the spring is already installed, and we need to compute the deflection at midspan **due to the 30 kip load**, and then account for the spring later? But the problem says “initial deflection”, implying before any reaction from the spring.

Actually, in structural analysis, “initial deflection” often refers to the deflection caused by a load without considering reactions from other supports — so here, we ignore the spring for the purpose of computing the deflection due to the 30 kip load, and then perhaps use the spring to find equilibrium later. But since the problem asks for “initial deflection”, and gives us E, I, and k, we must be cautious.

Given the ambiguity, and since the spring is shown, and the problem mentions “using finite summation”, I suspect that we are to compute the deflection at midspan **due to the 30 kip load**, and the spring is just part of the structure, but we are to ignore its effect for the initial deflection calculation — because the spring will react and change the deflection. However, the problem does not say “equilibrium deflection” — it says “initial deflection”.

Looking at standard textbook problems like this, “initial deflection” often means the deflection computed **without considering the spring’s reaction**, i.e., treating the spring as not being there — or perhaps as a very large stiffness, so negligible. But here, k=5 kips/in is quite large, so if we ignore it, we’re approximating.

Alternatively, perhaps the spring is meant to be included — but the problem says “initial deflection”, and if we include the spring, we have to solve for the equilibrium displacement — which would require solving for the spring displacement first, then computing the beam deflection.

But the problem says “use finite summation”, and doesn’t mention solving for equilibrium — so I think we are to compute the deflection **of the beam alone under the 30 kip load**, ignoring the spring — i.e., treat the end as simply supported? No — the spring is attached, so the end is not simply supported — it’s a spring.

This is confusing. Let me re-read: “compute the initial deflection at midspan for the beam...”. Since the spring is attached, and it’s a spring, the beam’s deflection at the end will cause a force in the spring. But “initial deflection” might refer to the deflection at midspan when the spring is not yet reacting — i.e., when the spring is at its unstretched position.

In many contexts, “initial deflection” means the deflection due to the applied load without any reactions — so we should compute the deflection as if the spring were not there — i.e., as if the beam were simply supported at A and free at the end — but that’s not correct, because the spring is there.

Perhaps the spring is a **fixed support**? No — it’s a spring, so it’s a spring support.

I think the intended interpretation is: compute the deflection at midspan **due to the 30 kip load**, assuming the spring is **not yet activated** — i.e., we are to compute the deflection as if the spring were not there, or as if it were infinitely stiff. That is, we treat the end as fixed? No — the spring is attached, so it’s a spring support.

Wait — if the spring is attached, and we want the “initial” deflection, perhaps we are to compute the deflection **at midspan** of the beam **as if the spring were not present**, so we can use the beam formula for a cantilever or simple beam.

But the beam has a fixed support at A, and a point load at B, and a spring at the end. So if we ignore the spring, we have a cantilever beam with a point load at B.

The midspan is located at 8 ft + 4 ft = 12 ft from A? Wait — the beam is horizontal from A to B (8 ft), then sloped down 9 ft vertically over 12 ft horizontally — so the total length from A to the end is sqrt(8^2 + 9^2) = 12.0416 ft — but the midspan is not along the beam — it’s the midpoint of the beam’s length? Or the midpoint of the horizontal span?

The problem says “midspan” — typically, for beams, midspan means the center of the span — but here, the beam is not straight — it’s L-shaped. So “midspan” probably means the point halfway along the beam’s length — i.e., at the midpoint of the entire beam from A to the end.

Let’s calculate the total length of the beam: from A to B is 8 ft (horizontal), then from B to end is 12 ft horizontal and 9 ft vertical — so the hypotenuse is sqrt(12^2 + 9^2) = sqrt(144+81) = sqrt(225) = 15 ft.

So total length = 8 ft + 15 ft = 23 ft? No — from A to B is 8 ft, then from B to end is 15 ft, so total length = 8 + 15 = 23 ft.

Midpoint of the beam is at 23/2 = 11.5 ft from A.

Now, the beam is composed of two parts: AB is horizontal, 8 ft, and BC is diagonal, 15 ft.

We are to compute the deflection at the midpoint, which is 11.5 ft from A.

Since the beam is not straight, we need to compute the deflection along the beam — which is a 2D beam.

We are to use finite summation with 3-ft segments — so we divide the beam into 3-ft segments.

Total length = 23 ft → 23 / 3 = 7.666... → so we need 8 segments? But 8*3 = 24 ft > 23 ft — so perhaps we take 7 segments? 7*3 = 21 ft — then 2 ft left — or 8 segments covering 24 ft — but the beam is only 23 ft — so we can use 8 segments, and the last segment is 2 ft — but the problem says “use 3-ft segments”, so perhaps we are to use only 3-ft segments, and the last segment is 2 ft — or maybe we are to use 8 segments of 3 ft each, and accept that the last one is shorter.

But the problem says “use 3-ft segments”, so we’ll use 8 segments: 3 ft each for 24 ft — but the beam is only 23 ft — so we’ll have an extra 1 ft — perhaps we can use 7 segments of 3 ft (21 ft) and then 2 ft — but that’s not 3-ft segments.

Alternatively, perhaps we are to use 3-ft segments along the beam — meaning we discretize the beam into 3-ft lengths along the path — so the segments are not horizontal — they are along the beam.

That makes more sense.

So we divide the beam into 3-ft segments along the beam’s path.

Total length = 23 ft — so number of segments = floor(23/3) = 7 segments of 3 ft = 21 ft, and 2 ft remaining — so we can use 8 segments: 7 of 3 ft and 1 of 2 ft — but the problem says “use 3-ft segments”, so perhaps we are to use 8 segments of 3 ft, and the last one is 2 ft — or perhaps we are to use 8 segments, and the last segment is 3 ft — but that’s 24 ft — too long.

Perhaps the problem intends for us to use 3-ft segments along the horizontal direction — but that would be inaccurate.

Another interpretation: perhaps ""3-ft segments"" means 3-foot intervals along the horizontal axis — so we divide the horizontal span into 3-ft segments — but the beam is not straight — so we need to integrate along the beam.

I think the most reasonable interpretation is to use 3-ft segments along the **length of the beam**, i.e., along the curve.

So total length = 23 ft — so number of segments = 8 (since 8*3 = 24 > 23, but we can use 7 segments of 3 ft = 21 ft, and then the last 2 ft — or perhaps we are to use 8 segments, and the last segment is 2 ft).

But the problem says “use 3-ft segments”, so perhaps we are to use 3-ft segments only — so we use 7 segments of 3 ft (21 ft) — and the last 2 ft is ignored? Or perhaps we are to use 8 segments, and the last one is 2 ft — but the problem says “3-ft segments”, so maybe we are to use 8 segments, and the last one is 3 ft — but that’s 24 ft — which is longer than the beam — so we can't.

Perhaps the problem is to use 3-ft segments along the horizontal — so we divide the horizontal distance into 3-ft segments — but the beam is L-shaped — so we have 8 ft horizontal from A to B, then 12 ft horizontal from B to end — so we can divide the horizontal into 3-ft segments — but the beam is not straight — so we need to compute the deflection along the beam — which is a 2D beam.

I think we must use the method of **finite difference or finite element** — specifically, using 3-ft segments along the beam's length.

So let's define the beam as a 2D beam with coordinates.

Set up a coordinate system:

- Point A: origin (0,0)
- Point B: (8,0) — since AB is 8 ft horizontal
- Point C: (8+12, 9) = (20,9) — since from B to C is 12 ft horizontal and 9 ft vertical — so the vector from B to C is (12,9), so C is at (8+12, 0+9) = (20,9)

Total length from A to C = distance from (0,0) to (20,9) = sqrt(20^2 + 9^2) = sqrt(400+81) = sqrt(481) ≈ 21.93 ft — wait, that's not right — from A to B is 8 ft, then from B to C is sqrt(12^2 + 9^2) = 15 ft, so total length = 8 + 15 = 23 ft — yes.

So the beam is from A(0,0) to B(8,0) to C(20,9).

We need to compute the deflection at the midpoint of the beam — which is at 11.5 ft from A along the beam.

So the midpoint is at 11.5 ft from A — which is between A and B? No — from A to B is 8 ft, so from A to midpoint is 11.5 ft — so it's on the BC segment.

From A to B: 8 ft — so from B to midpoint: 11.5 - 8 = 3.5 ft along the beam.

Since BC is 15 ft, and 3.5 ft from B — so the point is 3.5 ft along the BC segment.

Now, we need to use finite summation with 3-ft segments — so we divide the beam into segments of 3 ft along the beam's length.

Total length = 23 ft — so number of segments = floor(23/3) = 7 segments of 3 ft = 21 ft — and 2 ft left — so we can use 8 segments: 7 of 3 ft and 1 of 2 ft — or perhaps we are to use 8 segments, and the last one is 2 ft — or perhaps we are to use 8 segments of 3 ft, and the last one is 3 ft — but that's 24 ft — too long.

Perhaps the problem intends for us to use 3-ft segments along the horizontal — so we divide the horizontal distance into 3-ft segments — but then we need to integrate along the beam — which is complicated.

I think the intended approach is to use 3-ft segments along the beam's length — so we will use 8 segments: 7 of 3 ft and 1 of 2 ft — or perhaps 8 segments of 3 ft — and accept that the last one is 3 ft — but the beam is only 23 ft — so we can't.

Perhaps ""3-ft segments"" means 3-foot intervals along the horizontal — so we have segments from x=0 to 3, 3 to 6, ..., up to 24 — but the beam ends at x=20 — so we can use 7 segments: 0-3, 3-6, 6-9, 9-12, 12-15, 15-18, 18-21 — but the beam ends at x=20 — so we have to stop at x=20 — so we can use 6 segments: 0-3, 3-6, 6-9, 9-12, 12-15, 15-18 — then from 18 to 20 — 2 ft — or 7 segments: 0-3, 3-6, 6-9, 9-12, 12-15, 15-18, 18-20 — and then we have 2 ft — but the problem says ""3-ft segments"", so perhaps we are to use 7 segments — and the last one is 2 ft — or perhaps we are to use 8 segments — and the last one is 3 ft — but that's 24 ft — too long.

I think we should use 8 segments of 3 ft — and the last segment is 3 ft — even though it's longer than the beam — or perhaps we are to use 7 segments — and the last one is 2 ft — and call it a 3-ft segment — but it's not.

Perhaps the problem is to use 3-ft segments along the horizontal — so we divide the horizontal span into 3-ft segments — but then the beam is not straight — so we need to compute the deflection along the beam — which is a 2D beam — so we need to integrate along the beam — which is not straightforward.

I recall that in some textbooks, for such problems, they use the method of **discretizing the beam into segments** — so for example, for a cantilever beam, they use small segments.

For this problem, since it's a 2D beam, we can use the method of **finite differences** — discretizing the beam into 3-ft segments along the length.

So let's do that.

Total length = 23 ft — so we will use 8 segments: 7 of 3 ft and 1 of 2 ft — or perhaps 8 segments of 3 ft — and the last one is 3 ft — but the beam is only 23 ft — so we can't — unless we use 7 segments of 3 ft = 21 ft — and then the last 2 ft is ignored — or perhaps we are to use 8 segments — and the last one is 2 ft — and call it a 3-ft segment — but it's not.

Perhaps the problem is to use 3-ft segments along the horizontal — so we have 8 ft from A to B — divided into 3-ft segments — 8/3 = 2.666 — so 3 segments: 0-3, 3-6, 6-8 — then from B to C — 12 ft — divided into 3-ft segments — 4 segments: 8-11, 11-14, 14-17, 17-20 — so total 7 segments — and then from 20 to 20 — no — C is at 20 — so we have 7 segments — and the last segment is from 17 to 20 — 3 ft — yes! From 17 to 20 is 3 ft — and the beam ends at x=20 — so we have 7 segments: 

- Segment 1: 0 to 3 ft (x=0 to 3)
- Segment 2: 3 to 6 ft (x=3 to 6)
- Segment 3: 6 to 8 ft (x=6 to 8) — this is the last of the AB part
- Segment 4: 8 to 11 ft (x=8 to 11)
- Segment 5: 11 to 14 ft (x=11 to 14)
- Segment 6: 14 to 17 ft (x=14 to 17)
- Segment 7: 17 to 20 ft (x=17 to 20) — this is the last of the BC part

So 7 segments — each 3 ft — and the beam ends at x=20 — so we have covered the entire beam — 23 ft — 7*3 = 21 ft — wait, 21 ft — but the beam is 23 ft — from A to C is 23 ft — so we have only 21 ft — missing 2 ft.

From A to B: 8 ft — divided into 3-ft segments — 8/3 = 2.666 — so we can have 3 segments: 0-3, 3-6, 6-8 — 3 segments of 3 ft — but 3*3 = 9 ft — but we only have 8 ft — so we can't — unless we use 2 segments: 0-3, 3-8 — 5 ft — not 3 ft.

So perhaps we use 2 segments for AB: 0-3, 3-8 — 5 ft — then for BC: 8 to 20 — 12 ft — divided into 4 segments: 8-11, 11-14, 14-17, 17-20 — 4 segments — total 6 segments — 6*3 = 18 ft — but the beam is 23 ft — from A to C is 23 ft — so we have only 18 ft — missing 5 ft.

This is messy.

Perhaps the problem is to use 3-ft segments along the beam's length — so we start at A(0,0) and go to C(20,9) — total length 23 ft — so we divide into 8 segments: 3 ft each — but 8*3 = 24 ft — too long — so we can't.

Perhaps we use 7 segments: 3 ft each — 21 ft — and the last 2 ft is ignored — or perhaps we are to use 8 segments — and the last one is 2 ft — and call it a 3-ft segment — but it's not.

I think the intended approach is to use 3-ft segments along the horizontal — and then compute the deflection using the beam theory for each segment — but since the beam is not straight, we need to use the slope and curvature.

For a 2D beam, the deflection can be computed using the differential equation.

But the problem asks for finite summation — so perhaps we are to use the method of virtual work or energy — but that's not finite summation.

Another idea: perhaps ""finite summation"" means using the trapezoidal rule or something — but for what?

Perhaps for the deflection, we can use the formula for a cantilever beam — but the beam is not straight.

Let's assume that we are to compute the deflection at midspan for a cantilever beam with a point load at B — and then the spring is not considered for the initial deflection — so we treat the beam as a cantilever with a point load at 8 ft from the fixed end.

Then, the midspan is at 12 ft from A — but the beam is not straight — so we need to find the deflection at the point 11.5 ft from A along the beam.

For a cantilever beam with point load P at distance a from the fixed end, the deflection at distance x from the fixed end is:

v(x) = (P/6EI)(3a^2x - 3a^3 + x^3) for x > a — but this is for a straight beam — and our beam is not straight — so we cannot use this formula.

For a curved beam, we need to use the general beam theory.

Perhaps the problem is to use the method of finite differences — discretizing the beam into 3-ft segments along the length.

So let's do that.

Define the beam from A to C — length 23 ft.

Divide into 8 segments: 3 ft each — but 8*3 = 24 ft — too long — so we use 7 segments: 3 ft each — 21 ft — and then the last 2 ft is ignored — or perhaps we use 8 segments — and the last one is 2 ft — and call it a 3-ft segment — but it's not.

Perhaps the problem is to use 3-ft segments along the horizontal — and then for each segment, compute the deflection — but then the beam is not straight — so we need to use the slope and curvature.

I think the best way is to use 3-ft segments along the beam's length — and use 8 segments — and the last one is 2 ft — or perhaps 7 segments — and the last one is 2 ft — and we'll use that.

Let's use 8 segments: 3 ft each — but since the beam is only 23 ft — we can't — unless we use 7 segments — and the last one is 2 ft — and we'll use that.

So let's define the segments:

Segment 1: from A(0,0) to point 1: 3 ft along the beam — so at 3 ft from A — since the beam is not straight — we need to find the coordinates.

The beam from A to B is horizontal — 8 ft — so from A to B is along x-axis.

From B to C is 12 ft horizontal and 9 ft vertical — so the slope is 9/12 = 3/4 — so the angle θ = arctan(3/4) = 36.87°.

So for the BC segment, the direction is at angle θ from horizontal.

So for a segment of 3 ft along the beam — we can compute the coordinates.

For the AB segment (from A to B): x from 0 to 8, y=0.

For the BC segment: from B(8,0) to C(20,9) — vector (12,9) — so unit vector: magnitude 15 ft — so unit vector: (12/15, 9/15) = (0.8, 0.6)

So for a distance s along the beam, the coordinates are:

For s from 0 to 8: x = 0 + s, y = 0

For s from 8 to 23: x = 8 + 0.8*(s-8), y = 0 + 0.6*(s-8)

So for s = 3 ft: on AB — x=3, y=0

s = 6 ft: x=6, y=0

s = 8 ft: x=8, y=0

s = 11 ft: x = 8 + 0.8*3 = 8 + 2.4 = 10.4, y = 0 + 0.6*3 = 1.8

s = 14 ft: x = 8 + 0.8*6 = 8 + 4.8 = 12.8, y = 0 + 0.6*6 = 3.6

s = 17 ft: x = 8 + 0.8*9 = 8 + 7.2 = 15.2, y = 0 + 0.6*9 = 5.4

s = 20 ft: x = 8 + 0.8*12 = 8 + 9.6 = 17.6, y = 0 + 0.6*12 = 7.2 — wait, but C is at (20,9) — 17.6 ≠ 20 — mistake.

From B(8,0) to C(20,9) — the vector is (12,9) — so for a distance s from B, x = 8 + (12/15)*s = 8 + 0.8s, y = 0 + (9/15)*s = 0 + 0.6s

At s=15 ft (C): x = 8 + 0.8*15 = 8 + 12 = 20, y = 0 + 0.6*15 = 9 — correct.

So for s = 3 ft from A: on AB — x=3, y=0

s = 6 ft from A: x=6, y=0

s = 8 ft from A: x=8, y=0

s = 11 ft from A: x = 8 + 0.8*3 = 8 + 2.4 = 10.4, y = 0 + 0.6*3 = 1.8

s = 14 ft from A: x = 8 + 0.8*6 = 8 + 4.8 = 12.8, y = 0 + 0.6*6 = 3.6

s = 17 ft from A: x = 8 + 0.8*9 = 8 + 7.2 = 15.2, y = 0 + 0.6*9 = 5.4

s = 20 ft from A: x = 8 + 0.8*12 = 8 + 9.6 = 17.6, y = 0 + 0.6*12 = 7.2 — but C is at (20,9) — 17.6 ≠ 20 — mistake in calculation.

s=12 ft from B: x = 8 + 0.8*12 = 8 + 9.6 = 17.6, y = 0 + 0.6*12 = 7.2 — but C is at (20,9) — so for s=15 ft from B: x=8+0.8*15=8+12=20, y=0+0.6*15=9 — correct.

So for s=15 ft from A: x=8+0.8*15=20, y=0+0.6*15=9 — correct.

So for s=20 ft from A: s=20, which is 12 ft from B — so x = 8 + 0.8*12 = 8 + 9.6 = 17.6, y = 0 + 0.6*12 = 7.2 — but the actual C is at (20,9) — so for s=23 ft from A: x=8+0.8*15=20, y=0+0.6*15=9 — correct.

So for s=23 ft, we reach C.

Now, we want the midpoint: 11.5 ft from A.

Since 11.5 > 8, it is on the BC segment.

From B, distance = 11.5 - 8 = 3.5 ft.

So at s=11.5 ft from A, x = 8 + 0.8*3.5 = 8 + 2.8 = 10.8, y = 0 + 0.6*3.5 = 2.1

So the point is at (10.8, 2.1)

Now, for finite summation, we divide the beam into 3-ft segments — so we can use 8 segments: 3 ft each — but 8*3 = 24 ft > 23 ft — so we can't — unless we use 7 segments: 3 ft each — 21 ft — and then the last 2 ft is ignored — or perhaps we use 8 segments — and the last one is 2 ft — and we'll use that.

Perhaps the problem is to use 3-ft segments along the horizontal — so we have 8 ft from A to B — divided into 3-ft segments — 8/3 = 2.666 — so 3 segments: 0-3, 3-6, 6-8 — then from B to C — 12 ft — divided into 4 segments: 8-11, 11-14, 14-17, 17-20 — so 7 segments — and the beam ends at 20 — so we have covered 23 ft — 3+3+3+3+3+3+3 = 21 ft — wait, 7 segments — 7*3 = 21 ft — but the beam is 23 ft — so we have 2 ft short.

From A to B: 8 ft — divided into 3-ft segments — 3 segments: 0-3, 3-6, 6-8 — 3 segments — 9 ft — but we only have 8 ft — so we can't — unless we use 2 segments: 0-3, 3-8 — 5 ft — then from B to C — 12 ft — 4 segments: 8-11, 11-14, 14-17, 17-20 — 4 segments — total 6 segments — 6*3 = 18 ft — but the beam is 23 ft — so we have 5 ft short.

This is not working.

Perhaps the problem is to use 3-ft segments along the beam's length — and use 8 segments — and the last one is 2 ft — and we'll use that.

So let's use 8 segments: 3 ft each — but since the beam is 23 ft — we can't — so perhaps we use 7 segments — and the last one is 2 ft — and we'll use that.

So let's use 7 segments: 3 ft each — 21 ft — and the last 2 ft is ignored — or perhaps we are to use 8 segments — and the last one is 2 ft — and we'll use that.

I think for the sake of proceeding, we will use 8 segments — 3 ft each — and the last one is 3 ft — even though it's longer than the beam — or perhaps we use 7 segments — and the last one is 2 ft — and we'll use that.

Let's use 7 segments — 3 ft each — 21 ft — and the last 2 ft is ignored — or perhaps we are to use 8 segments — and the last one is 2 ft — and we'll use that.

Perhaps the problem is to use 3-ft segments along the horizontal — and then for each segment, compute the deflection — but then the beam is not straight — so we need to use the slope and curvature.

I recall that in some textbooks, for such problems, they use the method of virtual work — but that's not finite summation.

Perhaps ""finite summation"" means using the formula for a beam with a point load — but for a curved beam — it's complicated.

Another idea: perhaps the ""3-ft segments"" refers to the horizontal distance — and we are to use the beam theory for each 3-ft segment — but since the beam is not straight — we need to use the slope and curvature.

For a 2D beam, the deflection can be computed using the differential equation.

But the problem asks for finite summation — so perhaps we are to use the method of finite differences — discretizing the beam into 3-ft segments along the length.

So let's do that with 8 segments — even though it's 24 ft — or 7 segments — 21 ft — and the last 2 ft is ignored.

Perhaps the problem is to use 3-ft segments along the horizontal — and then for each segment, compute the deflection — and then sum — but for a curved beam — it's not accurate.

I think the intended approach is to use 3-ft segments along the beam's length — and use 8 segments — and the last one is 2 ft — and we'll use that.

So let's use 8 segments: 3 ft each — but since the beam is 23 ft — we can't — so perhaps we use 7 segments — and the last one is 2 ft — and we'll use that.

Let's use 7 segments — 3 ft each — 21 ft — and the last 2 ft is ignored — or perhaps we are to use 8 segments — and the last one is 2 ft — and we'll use that.

Perhaps the problem is to use 3-ft segments along the horizontal — and then for each segment, compute the deflection — and then sum — but for a curved beam — it's not accurate.

I found a better way: perhaps ""finite summation"" means using the trapezoidal rule for the integral — but for what?

Perhaps for the deflection, we can use the formula for a cantilever beam — and then for the curved part — but it's not straight.

I think we should assume that the beam is straight — and the ""L"" shape is just for the geometry — but the beam is not straight — so we can't.

Perhaps the problem is to compute the deflection at midspan for a cantilever beam with a point load at 8 ft — and the spring is not considered — so we treat the beam as a cantilever with a point load at 8 ft — and the midspan is at 12 ft — but the beam is not straight — so we need to find the deflection at the point 11.5 ft from A — which is on the BC segment.

For a cantilever beam with point load P at distance a from the fixed end, the deflection at distance x from the fixed end is:

v(x) = (P/6EI)(3a^2x - 3a^3 + x^3) for x > a — but this is for a straight beam — and our beam is not straight — so we cannot use this formula.

For a curved beam, the deflection is different.

Perhaps for this problem, since the beam is L-shaped — and we are to use finite summation — we can use the method of virtual work — but that's not finite summation.

Perhaps ""finite summation"" means using the formula for a beam with a point load — and for each 3-ft segment — but then we need to use the slope and curvature.

I think we should use the method of finite differences — discretizing the beam into 3-ft segments along the length — and use 8 segments — and the last one is 2 ft — and we'll use that.

So let's use 8 segments: 3 ft each — and the last one is 2 ft — and we'll use that.

So for the beam, we have 8 segments: 3 ft each — but since the beam is 23 ft — we can't — so perhaps we use 7 segments — and the last one is 2 ft — and we'll use that.

Let's use 7 segments — 3 ft each — 21 ft — and the last 2 ft is ignored — or perhaps we are to use 8 segments — and the last one is 2 ft — and we'll use that.

Perhaps the problem is to use 3-ft segments along the horizontal — and then for each segment, compute the deflection — and then sum — but for a curved beam — it's not accurate.

I recall that in some textbooks, for such problems, they use the method of virtual work — but that's not finite summation.

Perhaps ""finite summation"" means using the formula for a beam with a point load — and for the curved part — but it's not straight.

I think the intended approach is to use 3-ft segments along the beam's length — and use 8 segments — and the last one is 2 ft — and we'll use that.

So let's proceed with 8 segments — 3 ft each — and the last one is 2 ft — and we'll use that.

So for the beam, we will use 8 segments — 3 ft each — and the last one is 2 ft — and we'll use that.

Then for each segment, we can compute the deflection using the beam theory — but since the beam is not straight — we need to use the slope and curvature.

For a 2D beam, the deflection can be computed using the differential equation.

But the problem asks for finite summation — so perhaps we are to use the method of finite differences — discretizing the beam into 3-ft segments along the length.

So let's do that.

Define the beam from A to C — length 23 ft.

Divide into 8 segments: 3 ft each — but 8*3 = 24 ft > 23 ft — so we can't — unless we use 7 segments — and the last one is 2 ft — and we'll use that.

So let's use 7 segments — 3 ft each — 21 ft — and the last 2 ft is ignored — or perhaps we are to use 8 segments — and the last one is 2 ft — and we'll use that.

Perhaps the problem is to use 3-ft segments along the horizontal — and then for each segment, compute the deflection — and then sum — but for a curved beam — it's not accurate.

I think we should use 3-ft segments along the beam's length — and use 8 segments — and the last one is 2 ft — and we'll use that.

So let's use 8 segments — 3 ft each — and the last one is 2 ft — and we'll use that.

Then for each segment, we can compute the deflection using the beam theory — but since the beam is not straight — we need to use the slope and curvature.

For a 2D beam, the deflection can be computed using the differential equation.

But the problem asks for finite summation — so perhaps we are to use the method of finite differences — discretizing the beam into 3-ft segments along the length.

So let's do that.

Define the beam from A to C — length 23 ft.

Divide into 8 segments: 3 ft each — but 8*3 = 24 ft > 23 ft — so we can't — unless we use 7 segments — and the last one is 2 ft — and we'll use that.

Perhaps the problem is to use 3-ft segments along the horizontal — and then for each segment, compute the deflection — and then sum — but for a curved beam — it's not accurate.

I found a better way: perhaps ""finite summation"" means using the formula for a beam with a point load — and for the curved part — but it's not straight.

Perhaps for this problem, since the beam is L-shaped — and we are to use finite summation — we can use the method of virtual work — but that's not finite summation.

Perhaps ""finite summation"" means using the trapezoidal rule for the integral — but for what?

Perhaps for the deflection, we can use the formula for a cantilever beam — and then for the curved part — but it's not straight.

I think the intended approach is to use 3-ft segments along the beam's length — and use 8 segments — and the last one is 2 ft — and we'll use that.

So let's use 8 segments — 3 ft each — and the last one is 2 ft — and we'll use that.

Then for each segment, we can compute the deflection using the beam theory — but since the beam is not straight — we need to use the slope and curvature.

For a 2D beam, the deflection can be computed using the differential equation.

But the problem asks for finite summation — so perhaps we are to use the method of finite differences — discretizing the beam into 3-ft segments along the length.

So let's do that.

Define the beam from A to C — length 23 ft.

Divide into 8 segments: 3 ft each — but 8*3 = 24 ft > 23 ft — so we can't — unless we use 7 segments — and the last one is 2 ft — and we'll use that.

Perhaps the problem is to use 3-ft segments along the horizontal — and then for each segment, compute the deflection — and then sum — but for a curved beam — it's not accurate.

I recall that in some textbooks, for such problems, they use the method of virtual work — but that's not finite summation.

Perhaps ""finite summation"" means using the formula for a beam with a point load — and for the curved part — but it's not straight.

I think we should assume that the beam is straight — and the ""L"" shape is just for the geometry — but the beam is not straight — so we can't.

Perhaps the problem is to compute the deflection at midspan for a cantilever beam with a point load at 8 ft — and the spring is not considered — so we treat the beam as a cantilever with a point load at 8 ft — and the midspan is at 12 ft — but the beam is not straight — so we need to find the deflection at the point 11.5 ft from A — which is on the BC segment.

For a cantilever beam with point load P at distance a from the fixed end, the deflection at distance x from the fixed end is:

v(x) = (P/6EI)(3a^2x - 3a^3 + x^3) for x > a — but this is for a straight beam — and our beam is not straight — so we cannot use this formula.

For a curved beam, the deflection is different.

Perhaps for this problem, since the beam is L-shaped — and we are to use finite summation — we can use the method of virtual work — but that's not finite summation.

Perhaps ""finite summation"" means using the formula for a beam with a point load — and for the curved part — but it's not straight.

I think the intended approach is to use 3-ft segments along the beam's length — and use 8 segments — and the last one is 2 ft — and we'll use that.

So let's use 8 segments — 3 ft each — and the last one is 2 ft — and we'll use that.

Then for each segment, we can compute the deflection using the beam theory — but since the beam is not straight — we need to use the slope and curvature.

For a 2D beam, the deflection can be computed using the differential equation.

But the problem asks for finite summation — so perhaps we are to use the method of finite differences — discretizing the beam into 3-ft segments along the length.

So let's do that.

Define the beam from A to C — length 23 ft.

Divide into 8 segments: 3 ft each — but 8*3 = 24 ft > 23 ft — so we can't — unless we use 7 segments — and the last one is 2 ft — and we'll use that.

Perhaps the problem is to use 3-ft segments along the horizontal — and then for each segment, compute the deflection — and then sum — but for a curved beam — it's not accurate.

I think we should use 3-ft segments along the beam's length — and use 8 segments — and the last one is 2 ft — and we'll use that.

So let's use 8 segments — 3 ft each — and the last one is 2 ft — and we'll use that.

Then for each segment, we can compute the deflection using the beam theory — but since the beam is not straight — we need to use the slope and curvature.

For a 2D beam, the deflection can be computed using the differential equation.

But the problem asks for finite summation — so perhaps we are to use the method of finite differences — discretizing the beam into 3-ft segments along the length.

So let's do that.

Define the beam from A to C — length 23 ft.

Divide into 8 segments: 3 ft each — but 8*3 = 24 ft > 23 ft — so we can't — unless we use 7 segments — and the last one is 2 ft — and we'll use that.

Perhaps the problem is to use 3-ft segments along the horizontal — and then for each segment, compute the deflection — and then sum — but for a curved beam — it's not accurate.

I found a better way: perhaps ""finite summation"" means using the formula for a beam with a point load — and for the curved part — but it's not straight.

Perhaps for this problem, since the beam is L-shaped — and we are to use finite summation — we can use the method of virtual work — but that's not finite summation.

Perhaps ""finite summation"" means using the trapezoidal rule for the integral — but for what?

Perhaps for the deflection, we can use the formula for a cantilever beam — and then for the curved part — but it's not straight.

I think the intended approach is to use 3-ft segments along the beam's length — and use 8 segments — and the last one is 2 ft — and we'll use that.

So let's use 8 segments — 3 ft each — and the last one is 2 ft — and we'll use that.

Then for each segment, we can compute the deflection using the beam theory — but since the beam is not straight — we need to use the slope and curvature.

For a 2D beam, the deflection can be computed using the differential equation.

But the problem asks for finite summation — so perhaps we are to use the method of finite differences — discretizing the beam into 3-ft segments along the length.

So let's do that.

Define the beam from A to C — length 23 ft.

Divide into 8 segments: 3 ft each — but 8*3 = 24 ft > 23 ft — so we can't — unless we use 7 segments — and the last one is 2 ft — and we'll use that.

Perhaps the problem is to use 3-ft segments along the horizontal — and then for each segment, compute the deflection — and then sum — but for a curved beam — it's not accurate.

I recall that in some textbooks, for such problems, they use the method of virtual work — but that's not finite summation.

Perhaps ""finite summation"" means using the formula for a beam with a point load — and for the curved part — but it's not straight.

I think we should assume that the beam is straight — and the ""L"" shape is just for the geometry — but the beam is not straight — so we can't.

Perhaps the problem is to compute the deflection at midspan for a cantilever beam with a point load at 8 ft — and the spring is not considered — so we treat the beam as a cantilever with a point load at 8 ft — and the midspan is at 12 ft — but the beam is not straight — so we need to find the deflection at the point 11.5 ft from A — which is on the BC segment.

For a cantilever beam with point load P at distance a from the fixed end, the deflection at distance x from the fixed end is:

v(x) = (P/6EI)(3a^2x - 3a^3 + x^3) for x > a — but this is for a straight beam — and our beam is not straight — so we cannot use this formula.

For a curved beam, the deflection is different.

Perhaps for this problem, since the beam is L-shaped — and we are to use finite summation — we can use the method of virtual work — but that's not finite summation.

Perhaps ""finite summation"" means using the formula for a beam with a point load — and for the curved part — but it's not straight.

I think the intended approach is to use 3-ft segments along the beam's length — and use 8 segments — and the last one is 2 ft — and we'll use that.

So let's use 8 segments — 3 ft each — and the last one is 2 ft — and we'll use that.

Then for each segment, we can compute the deflection using the beam theory — but since the beam is not straight — we need to use the slope and curvature.

For a 2D beam, the deflection can be computed using the differential equation.

But the problem asks for finite summation — so perhaps we are to use the method of finite differences — discretizing the beam into 3-ft segments along the length.

So let's do that.

Define the beam from A to C — length 23 ft.

Divide into 8 segments: 3 ft each — but 8*3 = 24 ft > 23 ft — so we can't — unless we use 7 segments — and the last one is 2 ft — and we'll use that.

Perhaps the problem is to use 3-ft segments along the horizontal — and then for each segment, compute the deflection — and then sum — but for a curved beam — it's not accurate.

I think we should use 3-ft segments along the beam's length — and use 8 segments — and the last one is 2 ft — and we'll use that.

So let's use 8 segments — 3 ft each — and the last one is 2 ft — and we'll use that.

Then for each segment, we can compute the deflection using the beam theory — but since the beam is not straight — we need to use the slope and curvature.

For a 2D beam, the deflection can be computed using the differential equation.

But the problem asks for finite summation — so perhaps we are to use the method of finite differences — discretizing the beam into 3-ft segments along the length.

So let's do that.

Define the beam from A to C — length 23 ft.

Divide into 8 segments: 3 ft each — but 8*3 = 24 ft > 23 ft — so we can't — unless we use 7 segments — and the last one is 2 ft — and we'll use that.

Perhaps the problem is to use 3-ft segments along the horizontal — and then for each segment, compute the deflection — and then sum — but for a curved beam — it's not accurate.

I found a better way: perhaps ""finite summation"" means using the formula for a beam with a point load — and for the curved part — but it's not straight.

Perhaps for this problem, since the beam is L-shaped — and we are to use finite summation — we can use the method of virtual work — but that's not finite summation.

Perhaps ""finite summation"" means using the trapezoidal rule for the integral — but for what?

Perhaps for the deflection, we can use the formula for a cantilever beam — and then for the curved part — but it's not straight.

I think the intended approach is to use 3-ft segments along the beam's length — and use 8 segments — and the last one is 2 ft — and we'll use that.

So let's use 8 segments — 3 ft each — and the last one is 2 ft — and we'll use that.

Then for each segment, we can compute the deflection using the beam theory — but since the beam is not straight — we need to use the slope and curvature.

For a 2D beam, the deflection can be computed using the differential equation.

But the problem asks for finite summation — so perhaps we are to use the method of finite differences — discretizing the beam into 3-ft segments along the length.

So let's do that.

Define the beam from A to C — length 23 ft.

Divide into 8 segments: 3 ft each — but 8*3 = 24 ft > 23 ft — so we can't — unless we use 7 segments — and the last one is 2 ft — and we'll use that.

Perhaps the problem is to use 3-ft segments along the horizontal — and then for each segment, compute the deflection — and then sum — but for a curved beam — it's not accurate.

I recall that in some textbooks, for such problems, they use the method of virtual work — but that's not finite summation.

Perhaps ""finite summation"" means using the formula for a beam with a point load — and for the curved part — but it's not straight.

I think we should assume that the beam is straight — and the ""L"" shape is just for the geometry — but the beam is not straight — so we can't.

Perhaps the problem is to compute the deflection at midspan for a cantilever beam with a point load at 8 ft — and the spring is not considered — so we treat the beam as a cantilever with a point load at 8 ft — and the midspan is at 12 ft — but the beam is not straight — so we need to find the deflection at the point 11.5 ft from A — which is on the BC segment.

For a cantilever beam with point load P at distance a from the fixed end, the deflection at distance x from the fixed end is:

v(x) = (P/6EI)(3a^2x - 3a^3 + x^3) for x > a — but this is for a straight beam — and our beam is not straight — so we cannot use this formula.

For a curved beam, the deflection is different.

Perhaps for this problem, since the beam is L-shaped — and we are to use finite summation — we can use the method of virtual work — but that's not finite summation.

Perhaps ""finite summation"" means using the formula for a beam with a point load — and for the curved part — but it's not straight.

I think the intended approach is to use 3-ft segments along the beam's length — and use 8 segments — and the last one is 2 ft — and we'll use that.

So let's use 8 segments — 3 ft each — and the last one is 2 ft — and we'll use that.

Then for each segment, we can compute the deflection using the beam theory — but since the beam is not straight — we need to use the slope and curvature.

For a 2D beam, the deflection can be computed using the differential equation.

But the problem asks for finite summation — so perhaps we are to use the method of finite differences — discretizing the beam into 3-ft segments along the length.

So let's do that.

Define the beam from A to C — length 23 ft.

Divide into 8 segments: 3 ft each — but 8*3 = 24 ft > 23 ft — so we can't — unless we use 7 segments — and the last one is 2 ft — and we'll use that.

Perhaps the problem is to use 3-ft segments along the horizontal — and then for each segment, compute the deflection — and then sum — but for a curved beam — it's not accurate.

I think we should use 3-ft segments along the beam's length — and use 8 segments — and the last one is 2 ft — and we'll use that.

So let's use 8 segments — 3 ft each — and the last one is 2 ft — and we'll use that.

Then for each segment, we can compute the deflection using the beam theory — but since the beam is not straight — we need to use the slope and curvature.

For a 2D beam, the deflection can be computed using the differential equation.

But the problem asks for finite summation — so perhaps we are to use the method of finite differences — discretizing the beam into 3-ft segments along the length.

So let's do that.

Define the beam from A to C — length 23 ft.

Divide into 8 segments: 3 ft each — but 8*3 = 24 ft > 23 ft — so we can't — unless we use 7 segments — and the last one is 2 ft — and we'll use that.

Perhaps the problem is to use 3-ft segments along the horizontal — and then for each segment, compute the deflection — and then sum — but for a curved beam — it's not accurate.

I found a better way: perhaps ""finite summation"" means using the formula for a beam with a point load — and for the curved part — but it's not straight.

Perhaps for this problem, since the beam is L-shaped — and we are to use finite summation — we can use the method of virtual work — but that's not finite summation.

Perhaps ""finite summation"" means using the trapezoidal rule for the integral — but for what?

Perhaps for the deflection, we can use the formula for a cantilever beam — and then for the curved part — but it's not straight.

I think the intended approach is to use 3-ft segments along the beam's length — and use 8 segments — and the last one is 2 ft — and we'll use that.

So let's use 8 segments — 3 ft each — and the last one is 2 ft — and we'll use that.

Then for each segment, we can compute the deflection using the beam theory — but since the beam is not straight — we need to use the slope and curvature.

For a 2D beam, the deflection can be computed using the differential equation.

But the problem asks for finite summation — so perhaps we are to use the method of finite differences — discretizing the beam into 3-ft segments along the length.

So let's do that.

Define the beam from A to C — length 23 ft.

Divide into 8 segments: 3 ft each — but 8*3 = 24 ft > 23 ft — so we can't — unless we use 7 segments — and the last one is 2 ft — and we'll use that.

Perhaps the problem is to use 3-ft segments along the horizontal — and then for each segment, compute the deflection — and then sum — but for a curved beam — it's not accurate.

I recall that in some textbooks, for such problems, they use the method of virtual work — but that's not finite summation.

Perhaps ""finite summation"" means using the formula for a beam with a point load — and for the curved part — but it's not straight.

I think we should assume that the beam is straight — and the ""L"" shape is just for the geometry — but the beam is not straight — so we can't.

Perhaps the problem is to compute the deflection at midspan for a cantilever beam with a point load at 8 ft — and the spring is not considered — so we treat the beam as a cantilever with a point load at 8 ft — and the midspan is at 12 ft — but the beam is not straight — so we need to find the deflection at the point 11.5 ft from A — which is on the BC segment.

For a cantilever beam with point load P at distance a from the fixed end, the deflection at distance x from the fixed end is:

v(x) = (P/6EI)(3a^2x - 3a^3 + x^3) for x > a — but this is for a straight beam — and our beam is not straight — so we cannot use this formula.

For a curved beam, the deflection is different.

Perhaps for this problem, since the beam is L-shaped — and we are to use finite summation — we can use the method of virtual work — but that's not finite summation.

Perhaps ""finite summation"" means using the formula for a beam with a point load — and for the curved part — but it's not straight.

I think the intended approach is to use 3-ft segments along the beam's length — and use 8 segments — and the last one is 2 ft — and we'll use that.

So let's use 8 segments — 3 ft each — and the last one is 2 ft — and we'll use that.

Then for each segment, we can compute the deflection using the beam theory — but since the beam is not straight — we need to use the slope and curvature.

For a 2D beam, the deflection can be computed using the differential equation.

But the problem asks for finite summation — so perhaps we are to use the method of finite differences — discretizing the beam into 3-ft segments along the length.

So let's do that.

Define the beam from A to C — length 23 ft.

Divide into 8 segments: 3 ft each — but 8*3 = 24 ft > 23 ft — so we can't — unless we use 7 segments — and the last one is 2 ft — and we'll use that.

Perhaps the problem is to use 3-ft segments along the horizontal — and then for each segment, compute the deflection — and then sum — but for a curved beam — it's not accurate.

I think we should use 3-ft segments along the beam's length — and use 8 segments — and the last one is 2 ft — and we'll use that.

So let's use 8 segments — 3 ft each — and the last one is 2 ft — and we'll use that.

Then for each segment, we can compute the deflection using the beam theory — but since the beam is not straight — we need to use the slope and curvature.

For a 2D beam, the deflection can be computed using the differential equation.

But the problem asks for finite summation — so perhaps we are to use the method of finite differences — discretizing the beam into 3-ft segments along the length.

So let's do that.

Define the beam from A to C — length 23 ft.

Divide into 8 segments: 3 ft each — but 8*3 = 24 ft > 23 ft — so we can't — unless we use 7 segments — and the last one is 2 ft — and we'll use that.

Perhaps the problem is to use 3-ft segments along the horizontal — and then for each segment, compute the deflection — and then sum — but for a curved beam — it's not accurate.

I found a better way: perhaps ""finite summation"" means using the formula for a beam with a point load — and for the curved part — but it's not straight.

Perhaps for this problem, since the beam is L-shaped — and we are to use finite summation — we can use the method of virtual work — but that's not finite summation.

Perhaps ""finite summation"" means using the trapezoidal rule for the integral — but for what?

Perhaps for the deflection, we can use the formula for a cantilever beam — and then for the curved part — but it's not straight.

I think the intended approach is to use 3-ft segments along the beam's length — and use 8 segments — and the last one is 2 ft — and we'll use that.

So let's use 8 segments — 3 ft each — and the last one is 2 ft — and we'll use that.

Then for each segment, we can compute the deflection using the beam theory — but since the beam is not straight — we need to use the slope and curvature.

For a 2D beam, the deflection can be computed using the differential equation.

But the problem asks for finite summation — so perhaps we are to use the method of finite differences — discretizing the beam into 3-ft segments along the length.

So let's do that.

Define the beam from A to C — length 23 ft.

Divide into 8 segments: 3 ft each — but 8*3 = 24 ft > 23 ft — so we can't — unless we use 7 segments — and the last one is 2 ft — and we'll use that.

Perhaps the problem is to use 3-ft segments along the horizontal — and then for each segment, compute the deflection — and then sum — but for a curved beam — it's not accurate.

I recall that in some textbooks, for such problems, they use the method of virtual work — but that's not finite summation.

Perhaps ""finite summation"" means using the formula for a beam with a point load — and for the curved part — but it's not straight.

I think we should assume that the beam is straight — and the ""L"" shape is just for the geometry — but the beam is not straight — so we can't.

Perhaps the problem is to compute the deflection at midspan for a cantilever beam with a point load at 8 ft — and the spring is not considered — so we treat the beam as a cantilever with a point load at 8 ft — and the midspan is at 12 ft — but the beam is not straight — so we need to find the deflection at the point 11.5 ft from A — which is on the BC segment.

For a cantilever beam with point load P at distance a from the fixed end, the deflection at distance x from the fixed end is:

v(x) = (P/6EI)(3a^2x - 3a^3 + x^3) for x > a — but this is for a straight beam — and our beam is not straight — so we cannot use this formula.

For a curved beam, the deflection is different.

Perhaps for this problem, since the beam is L-shaped — and we are to use finite summation — we can use the method of virtual work — but that's not finite summation.

Perhaps ""finite summation"" means using the formula for a beam with a point load — and for the curved part — but it's not straight.

I think the intended approach is to use 3-ft segments along the beam's length — and use 8 segments — and the last one is 2 ft — and we'll use that.

So let's use 8 segments — 3 ft each — and the last one is 2 ft — and we'll use that.

Then for each segment, we can compute the deflection using the beam theory — but since the beam is not straight — we need to use the slope and curvature.

For a 2D beam, the deflection can be computed using the differential equation.

But the problem asks for finite summation — so perhaps we are to use the method of finite differences — discretizing the beam into 3-ft segments along the length.

So let's do that.

Define the beam from A to C — length 23 ft.

Divide into 8 segments: 3 ft each — but 8*3 = 24 ft > 23 ft — so we can't — unless we use 7 segments — and the last one is 2 ft — and we'll use that.

Perhaps the problem is to use 3-ft segments along the horizontal — and then for each segment, compute the deflection — and then sum — but for a curved beam — it's not accurate.

I think we should use 3-ft segments along the beam's length — and use 8 segments — and the last one is 2 ft — and we'll use that.

So let's use 8 segments — 3 ft each — and the last one is 2 ft — and we'll use that.

Then for each segment, we can compute the deflection using the beam theory — but since the beam is not straight — we need to use the slope and curvature.

For a 2D beam, the deflection can be computed using the differential equation.

But the problem asks for finite summation — so perhaps we are to use the method of finite differences — discretizing the beam into 3-ft segments along the length.

So let's do that.

Define the beam from A to C — length 23 ft.

Divide into 8 segments: 3 ft each — but 8*3 = 24 ft > 23 ft — so we can't — unless we use 7 segments — and the last one is 2 ft — and we'll use that.

Perhaps the problem is to use 3-ft segments along the horizontal — and then for each segment, compute the deflection — and then sum — but for a curved beam — it's not accurate.

I found a better way: perhaps ""finite summation"" means using the formula for a beam with a point load — and for the curved part — but it's not straight.

Perhaps for this problem, since the beam is L-shaped — and we are to use finite summation — we can use the method of virtual work — but that's not finite summation.

Perhaps ""finite summation"" means using the trapezoidal rule for the integral — but for what?

Perhaps for the deflection, we can use the formula for a cantilever beam — and then for the curved part — but it's not straight.

I think the intended approach is to use 3-ft segments along the beam's length — and use 8 segments — and the last one is 2 ft — and we'll use that.

So let's use 8 segments — 3 ft each — and the last one is 2 ft — and we'll use that.

Then for each segment, we can compute the deflection using the beam theory — but since the beam is not straight — we need to use the slope and curvature.

For a 2D beam, the deflection can be computed using the differential equation.

But the problem asks for finite summation — so perhaps we are to use the method of finite differences — discretizing the beam into 3-ft segments along the length.

So let's do that.

Define the beam from A to C — length 23 ft.

Divide into 8 segments: 3 ft each — but 8*3 = 24 ft > 23 ft — so we can't — unless we use 7 segments — and the last one is 2 ft — and we'll use that.

Perhaps the problem is to use 3-ft segments along the horizontal — and then for each segment, compute the deflection — and then sum — but for a curved beam — it's not accurate.

I recall that in some textbooks, for such problems, they use the method of virtual work — but that's not finite summation.

Perhaps ""finite summation"" means using the formula for a beam with a point load — and for the curved part — but it's not straight.

I think we should assume that the beam is straight — and the ""L"" shape is just for the geometry — but the beam is not straight — so we can't.

Perhaps the problem is to compute the deflection at midspan for a cantilever beam with a point load at 8 ft — and the spring is not considered — so we treat the beam as a cantilever with a point load at 8 ft — and the midspan is at 12 ft — but the beam is not straight — so we need to find the deflection at the point 11.5 ft from A — which is on the BC segment.

For a cantilever beam with point load P at distance a from the fixed end, the deflection at distance x from the fixed end is:

v(x) = (P/6EI)(3a^2x - 3a^3 + x^3) for x > a — but this is for a straight beam — and our beam is not straight — so we cannot use this formula.

For a curved beam, the deflection is different.

Perhaps for this problem, since the beam is L-shaped — and we are to use finite summation — we can use the method of virtual work — but that's not finite summation.

Perhaps ""finite summation"" means using the formula for a beam with a point load — and for the curved part — but it's not straight.

I think the intended approach is to use 3-ft segments along the beam's length — and use 8 segments — and the last one is 2 ft — and we'll use that.

So let's use 8 segments — 3 ft each — and the last one is 2 ft — and we'll use that.

Then for each segment, we can compute the deflection using the beam theory — but since the beam is not straight — we need to use the slope and curvature.

For a 2D beam, the deflection can be computed using the differential equation.

But the problem asks for finite summation — so perhaps we are to use the method of finite differences — discretizing the beam into 3-ft segments along the length.

So let's do that.

Define the beam from A to C — length 23 ft.",none,length,fail,False,,1.06,,57538
validation_Electronics_11,Electronics,no_final_answer,0.3,"to write the nodal equation for node n3, and then solve for v_x.",phrase,length,fail,False,,0.3,,41753
validation_Electronics_6,Electronics,no_final_answer,71.6,"72 V, but let's box 71.7.",phrase,length,fail,False,,71.6,,38974
validation_Pharmacy_19,Pharmacy,no_final_answer,B,Step D.,phrase,length,fail,False,,,,60967
